{
    "parent": "item/handheld",
    "textures": {
        "layer0": "items/wooden_sword"
    },
	"overrides": [
		{ "predicate": { "damage": 0.000000000 }, "model": "item/wooden_sword"},
		{ "predicate": { "damage": 0.016666666 }, "model": "item/tools/sickle"},
		{ "predicate": { "damage": 0.033333333 }, "model": "item/tools66/"},
		{ "predicate": { "damage": 0.050000000 }, "model": "item/plants/corn"},
		{ "predicate": { "damage": 0.066666666 }, "model": "item/plants/grape"},
		{ "predicate": { "damage": 0.083333333 }, "model": "item/plants/ternip"},
		{ "predicate": { "damage": 0.100000000 }, "model": "item/plants/bamboo_shoots"},
		{ "predicate": { "damage": 0.116666666 }, "model": "item/plants/bamboo"},
		{ "predicate": { "damage": 0.133333333 }, "model": "item/plants/banana"},
		{ "predicate": { "damage": 0.150000000 }, "model": "item/others/banana_leaf"},
		{ "predicate": { "damage": 0.166666666 }, "model": "item/others/banana_skin"},
		{ "predicate": { "damage": 0.183333333 }, "model": "item/plants/strawberry"},
		{ "predicate": { "damage": 0.200000000 }, "model": "item/seeds/degraded_strawberry_seeds"},
		{ "predicate": { "damage": 0.216666666 }, "model": "item/others/peeling_banana"},
		{ "predicate": { "damage": 0.233333333 }, "model": "item/plants/chinese_cabbage"},
		{ "predicate": { "damage": 0.250000000 }, "model": "item/others/bamboo_leaves"}
	]
}