{
    "parent": "item/handheld",
    "textures": {
        "layer0": "items/wooden_hoe"
    },
	"overrides": [
		{ "predicate": { "damage": 0.000000000 }, "model": "item/wooden_hoe"},
		{ "predicate": { "damage": 0.016666666 }, "model": "item/seeds/corn_seeds"},
		{ "predicate": { "damage": 0.033333333 }, "model": "item/seeds/grape_seeds"},
		{ "predicate": { "damage": 0.050000000 }, "model": "item/seeds/ternip_seeds"},
		{ "predicate": { "damage": 0.066666666 }, "model": "item/seeds/chinese_cabbage_seeds"},
		{ "predicate": { "damage": 0.083333333 }, "model": "item/seeds/strawberry_seeds"},
		{ "predicate": { "damage": 0.100000000 }, "model": "item/seeds/"}
	]
}